{
  "results": [
    {
      "command": "./target/release/waterpouring-rec 3",
      "mean": 0.06192055533714287,
      "stddev": 0.01713320342943856,
      "median": 0.06322351858,
      "user": 0.04837616285714285,
      "system": 0.004174607857142858,
      "min": 0.03713112608,
      "max": 0.09695717508000001,
      "times": [
        0.03713112608,
        0.03850890808,
        0.04660754308,
        0.04494017208000001,
        0.040353991080000005,
        0.04310284508,
        0.04151784808,
        0.041627922080000004,
        0.044346764080000003,
        0.04490507408,
        0.043099829080000006,
        0.04561029708,
        0.03898369108,
        0.037753032080000005,
        0.040854480080000005,
        0.03917411608,
        0.042028244080000006,
        0.04159482408,
        0.040121312080000006,
        0.03992066308,
        0.041228375080000004,
        0.06522977208000001,
        0.08767342808000002,
        0.06536219708000002,
        0.06949810008000001,
        0.08580138508000001,
        0.09425735608000001,
        0.07659621408000002,
        0.09695717508000001,
        0.09263879008000002,
        0.08680758108000002,
        0.08828034008000002,
        0.06300264708000002,
        0.06144439008,
        0.06318200408,
        0.06326503308,
        0.06760305508000002,
        0.06387288408000001,
        0.06970129708000002,
        0.09196069908000001,
        0.07080098308000002,
        0.07290104108,
        0.07085482408000002,
        0.06242404008,
        0.06613173808000002,
        0.08185989108000001,
        0.07071016908000001,
        0.06554853408000001,
        0.06209165708000001,
        0.08951496408000001,
        0.08341773908000001,
        0.06427870708000001,
        0.06375965408,
        0.06353764208000001,
        0.049089429080000004,
        0.06437374308000002,
        0.06198592808000001,
        0.06438513708000002,
        0.09066322308000001,
        0.08865839608000001,
        0.08030275408000001,
        0.05494498208,
        0.053348071080000004,
        0.056022575080000005,
        0.05321770908,
        0.05604832608,
        0.05748705808000001,
        0.06165708508,
        0.06453545708000001,
        0.06334200908000001
      ],
      "parameter": "rec"
    },
    {
      "command": "./target/release/waterpouring-rec2 3",
      "mean": 0.06963799931255814,
      "stddev": 0.01409177258705353,
      "median": 0.07053351108000001,
      "user": 0.059174196744186044,
      "system": 0.004330948720930233,
      "min": 0.04399636508,
      "max": 0.13885842808,
      "times": [
        0.06407926208000002,
        0.07304055908000001,
        0.06902531408000001,
        0.06914140908000001,
        0.07053351108000001,
        0.07620747808000002,
        0.07074453008,
        0.06688599508000001,
        0.06606703508000002,
        0.06666834908000001,
        0.07117817908000001,
        0.07190448408000001,
        0.07346697008000001,
        0.07117707408000001,
        0.07142310108000001,
        0.08950345608000002,
        0.13885842808,
        0.07702397208000002,
        0.08003647208000002,
        0.05679916908,
        0.045998404080000006,
        0.04730745808,
        0.04399636508,
        0.055940644080000004,
        0.07665893308000002,
        0.08110024708,
        0.07646078308000001,
        0.07498024108000001,
        0.06876006608000002,
        0.05592574008,
        0.058710011080000006,
        0.06696340408000001,
        0.06914296608,
        0.07328589208000001,
        0.07128387608000002,
        0.07108685708000001,
        0.07282199408000001,
        0.06163749608,
        0.06391864108,
        0.06669990208000001,
        0.06347681208000001,
        0.07076460508000001,
        0.06374788308000001
      ],
      "parameter": "rec2"
    },
    {
      "command": "./target/release/waterpouring-imp 3",
      "mean": 0.06356252016888889,
      "stddev": 0.008902582577266617,
      "median": 0.06263380208000001,
      "user": 0.05239650888888888,
      "system": 0.004308998333333332,
      "min": 0.043221709080000004,
      "max": 0.09894064608000001,
      "times": [
        0.06049258408,
        0.055752406080000004,
        0.055704009080000005,
        0.05189038708,
        0.06885804908000001,
        0.05670760308,
        0.058640484080000006,
        0.05730113508,
        0.06150177408000001,
        0.054962405080000006,
        0.06623010408000002,
        0.06619843708,
        0.06223057008,
        0.052284312080000006,
        0.043221709080000004,
        0.054671435080000004,
        0.058393148080000006,
        0.06739855008000001,
        0.07108637808000001,
        0.07708025008000001,
        0.06947373108000002,
        0.06532522708,
        0.06421752508000002,
        0.06051718108,
        0.06796535408000001,
        0.061113363080000004,
        0.06455272708000001,
        0.056966445080000004,
        0.05898749708,
        0.06074636308000001,
        0.06179385108000001,
        0.06278597408000001,
        0.06582331208000002,
        0.07042092408000002,
        0.07967110208000001,
        0.06844896708,
        0.07759889708,
        0.06657501608000001,
        0.06263380208000001,
        0.054999491080000004,
        0.06040496008000001,
        0.06462783408000002,
        0.09894064608000001,
        0.07108666108000002,
        0.06403082508
      ],
      "parameter": "imp"
    }
  ]
}
